Fecha;Hora Exacta;Hora;latitude;longitude;depth;mag;magType;;;;;;;
19-01-2021;2:46:22;2;-318.304;-688.059;20;6.4;mww;;;;;;;
27-12-2020;21:39:14;21;-393.384;-749.874;10;6.7;mww;;;;;;;
14-12-2020;15:20:49;15;-218.063;-687.079;114;6;mww;;;;;;;
06-12-2020;16:47:42;16;-203.947;-690.609;105;6.1;mww;;;;;;;
22-11-2020;0:54:56;0;-345.978;-730.596;22;6.1;mww;;;;;;;
11-09-2020;7:35:57;7;-213.968;-699.096;51;6.2;mww;;;;;;;
06-09-2020;1:16:58;1;-303.388;-714.912;30;6.3;mww;;;;;;;
01-09-2020;21:09:17;21;-279.162;-713.701;16;6.5;mww;;;;;;;
01-09-2020;4:30:02;4;-280.315;-712.662;16.18;6.3;mww;;;;;;;
01-09-2020;4:09:28;4;-279.686;-713.062;21;6.8;mww;;;;;;;
03-06-2020;7:35:36;7;-23.274;-684.677;112;6.8;mww;;;;;;;
03-12-2019;8:46:35;8;-185.042;-70.57;38;6;mww;;;;;;;
04-11-2019;21:53:25;21;-318.362;-713.753;53;6.1;mww;;;;;;;
29-09-2019;15:57:53;15;-354.758;-73.163;11;6.7;mww;;;;;;;
26-09-2019;16:36:18;16;-408.145;-719.993;129;6.1;mww;;;;;;;
01-08-2019;18:28:07;18;-342.364;-723.102;25;6.8;mww;;;;;;;
14-06-2019;0:19:12;0;-300.557;-720.819;11;6.4;mww;;;;;;;
20-01-2019;1:32:52;1;-300.404;-713.815;63;6.7;mww;;;;;;;
01-11-2018;22:19:51;22;-195.827;-692.656;102;6.2;mww;;;;;;;
10-04-2018;10:19:34;10;-310.258;-715.292;66;6.2;mww;;;;;;;
21-01-2018;1:06:42;1;-188.806;-694.445;116;6.3;mww;;;;;;;
10-10-2017;6:32:21;6;-185.715;-697.526;85;6.3;mww;;;;;;;
24-04-2017;21:38:30;21;-330.375;-720.617;28;6.9;mww;;;;;;;
23-04-2017;2:36:07;2;-330.354;-720.296;21;6;mww;;;;;;;
15-04-2017;8:19:43;8;-232.653;-677.225;155;6.3;mww;;;;;;;
25-12-2016;14:22:27;14;-434.064;-739.413;38;7.6;mww;;;;;;;
20-11-2016;20:57:44;20;-316.226;-686.259;108;6.4;mww;;;;;;;
08-11-2016;4:55:45;4;-365.776;-735.603;20;6;mww;;;;;;;
04-11-2016;16:20:44;16;-350.945;-710.457;90;6.3;mww;;;;;;;
27-10-2016;20:32:55;20;-337.771;-725.321;12.57;6;mww;;;;;;;
25-07-2016;17:26:50;17;-261.067;-705.111;72;6.1;mww;;;;;;;
22-02-2016;6:36:59;6;-304.242;-722.967;12;6;mww;;;;;;;
10-02-2016;0:33:05;0;-305.723;-715.838;29;6.3;mww;;;;;;;
27-11-2015;21:00:22;21;-24.828;-706.009;34;6.2;mww;;;;;;;
11-11-2015;2:46:19;2;-295.097;-720.585;10;6.9;mww;;;;;;;
11-11-2015;1:54:38;1;-295.067;-720.068;12;6.9;mww;;;;;;;
07-11-2015;7:31:43;7;-308.796;-714.519;46;6.8;mww;;;;;;;
07-11-2015;7:04:31;7;-294.642;-723.015;13;6.2;mww;;;;;;;
26-09-2015;2:51:18;2;-308.148;-713.217;46;6.3;mww;;;;;;;
22-09-2015;7:13:00;7;-314.441;-712.653;58;6;mww;;;;;;;
21-09-2015;17:40:00;17;-317.275;-713.792;35;6.6;mww;;;;;;;
21-09-2015;5:39:34;5;-315.757;-717.431;30;6.1;mww;;;;;;;
19-09-2015;12:52:20;12;-323.335;-720.629;18;6.2;mww;;;;;;;
19-09-2015;5:06:47;5;-296.411;-72.07;6;6.1;mww;;;;;;;
18-09-2015;9:10:44;9;-323.681;-722.292;8;6.2;mww;;;;;;;
17-09-2015;4:10:27;4;-315.173;-71.8;23;6.7;mww;;;;;;;
17-09-2015;3:55:15;3;-314.244;-716.876;27;6.5;mww;;;;;;;
17-09-2015;1:41:05;1;-311.043;-716.504;42.32;6.4;mww;;;;;;;
16-09-2015;23:18:41;23;-315.622;-714.262;28.41;7;mww;;;;;;;
16-09-2015;23:16:09;23;-31.6;-719.189;35;6.1;mb;;;;;;;
16-09-2015;23:03:56;23;-317.502;-717.425;19.1;6.1;mwr;;;;;;;
16-09-2015;22:59:15;22;-31.618;-71.745;26.7;6.4;mb;;;;;;;
16-09-2015;22:54:32;22;-315.729;-716.744;22.44;8.3;mww;;;;;;;
20-06-2015;2:10:07;2;-363.601;-73.812;11;6.4;mww;;;;;;;
10-06-2015;13:52:09;13;-22.4;-684.323;124;6;mww;;;;;;;
23-03-2015;4:51:38;4;-183.534;-691.663;130;6.4;mww;;;;;;;
18-03-2015;18:27:29;18;-361.167;-735.219;13;6.2;mww;;;;;;;
23-08-2014;22:32:23;22;-326.953;-714.416;32;6.4;mww;;;;;;;
11-04-2014;0:01:45;0;-20.659;-706.472;13.77;6.2;mww;;;;;;;
04-04-2014;1:37:50;1;-206.426;-70.654;13.71;6.3;mww;;;;;;;
03-04-2014;5:26:15;5;-207.969;-705.865;25;6.4;mww;;;;;;;
03-04-2014;2:43:13;2;-205.709;-704.931;22.4;7.7;mww;;;;;;;
03-04-2014;1:58:30;1;-203.113;-705.756;24.07;6.5;mww;;;;;;;
01-04-2014;23:57:58;23;-198.927;-709.455;28.42;6.9;mww;;;;;;;
01-04-2014;23:46:47;23;-196.097;-707.691;25;8.2;mww;;;;;;;
23-03-2014;18:20:01;18;-196.899;-708.538;21;6.3;mww;;;;;;;
22-03-2014;12:59:59;12;-197.625;-70.874;20;6.2;mww;;;;;;;
17-03-2014;5:11:34;5;-200.168;-708.837;21;6.4;mww;;;;;;;
16-03-2014;21:16:29;21;-199.807;-707.022;20;6.7;mww;;;;;;;
31-10-2013;23:03:59;23;-302.921;-715.215;27;6.6;mww;;;;;;;
30-10-2013;2:51:47;2;-35.314;-73.395;41.5;6.2;mww;;;;;;;
30-01-2013;20:15:43;20;-28.094;-70.653;45;6.8;mww;;;;;;;
14-11-2012;19:02:06;19;-29.118;-71.19;63;6.1;mww;;;;;;;
13-11-2012;4:31:26;4;-45.761;-77.053;9;6.1;mww;;;;;;;
07-06-2012;4:05:04;4;-36.074;-70.57;8;6;mww;;;;;;;
14-05-2012;10:00:40;10;-17.678;-69.591;105.9;6.2;mww;;;;;;;
17-04-2012;3:50:15;3;-32.625;-71.365;29;6.7;mww;;;;;;;
25-03-2012;22:37:06;22;-35.2;-72.217;40.7;7.1;mww;;;;;;;
23-01-2012;16:04:52;16;-36.409;-73.03;20;6.1;mww;;;;;;;
07-12-2011;22:23:09;22;-27.899;-70.918;20;6.1;mww;;;;;;;
16-07-2011;0:26:12;0;-33.819;-71.832;20;6;mww;;;;;;;
20-06-2011;16:36:01;16;-21.701;-68.228;128;6.4;mww;;;;;;;
01-06-2011;12:55:22;12;-37.578;-73.691;21;6.3;mww;;;;;;;
06-03-2011;12:31:59;12;-18.021;-69.362;118;6.3;mww;;;;;;;
14-02-2011;3:40:09;3;-35.38;-72.834;21;6.7;mww;;;;;;;
13-02-2011;10:35:06;10;-36.649;-73.176;17;6;mwc;;;;;;;
12-02-2011;1:17:01;1;-37.027;-72.954;16;6.1;mwb;;;;;;;
11-02-2011;20:05:30;20;-36.422;-72.96;26;6.9;mww;;;;;;;
02-01-2011;20:20:17;20;-38.355;-73.326;24;7.2;mww;;;;;;;
09-09-2010;7:28:01;7;-37.034;-73.412;16;6.2;mwb;;;;;;;
14-07-2010;8:32:21;8;-38.067;-73.31;22;6.6;mwc;;;;;;;
12-07-2010;0:11:21;0;-22.146;-68.216;115;6.3;mwb;;;;;;;
06-05-2010;2:42:47;2;-18.058;-70.547;37;6.2;mwc;;;;;;;
03-05-2010;23:09:44;23;-38.072;-73.454;19;6.3;mwc;;;;;;;
23-04-2010;10:03:06;10;-37.529;-72.969;32;6;mwc;;;;;;;
02-04-2010;22:58:07;22;-36.227;-72.878;24;6;mwc;;;;;;;
28-03-2010;21:38:28;21;-35.387;-73.385;29.9;6;mwb;;;;;;;
26-03-2010;14:52:07;14;-27.953;-70.821;42;6.3;mwb;;;;;;;
16-03-2010;2:21:57;2;-36.217;-73.257;18;6.7;mwc;;;;;;;
15-03-2010;11:08:28;11;-35.802;-73.158;14;6.2;mwc;;;;;;;
11-03-2010;15:06:02;15;-34.47;-72.004;31.5;6;mb;;;;;;;
11-03-2010;14:55:27;14;-34.326;-71.799;18;7;mwc;;;;;;;
11-03-2010;14:39:43;14;-34.29;-71.891;11;6.9;mwc;;;;;;;
05-03-2010;11:47:06;11;-36.665;-73.374;18;6.6;mwb;;;;;;;
05-03-2010;9:19:36;9;-36.631;-73.223;29.9;6.1;mwc;;;;;;;
04-03-2010;22:39:26;22;-22.227;-68.328;114;6.3;mwb;;;;;;;
04-03-2010;1:59:48;1;-33.216;-72.125;24.2;6;mwc;;;;;;;
03-03-2010;17:44:25;17;-36.61;-73.36;20;6.1;mwc;;;;;;;
28-02-2010;11:25:35;11;-34.903;-71.617;46;6.2;mwb;;;;;;;
27-02-2010;23:12:34;23;-34.7;-71.827;35;6;mb;;;;;;;
27-02-2010;19:00:06;19;-33.422;-71.828;31.1;6.2;mwc;;;;;;;
27-02-2010;17:24:30;17;-36.354;-73.208;19;6.1;mwb;;;;;;;
27-02-2010;10:30:36;10;-33.281;-71.955;35;6;mb;;;;;;;
27-02-2010;10:30:10;10;-37.878;-73.545;20;6;mw;;;;;;;
27-02-2010;8:25:29;8;-34.749;-72.427;35;6.1;mb;;;;;;;
27-02-2010;8:01:23;8;-37.773;-75.048;35;7.4;mwc;;;;;;;
27-02-2010;7:37:17;7;-36.869;-72.673;35;6;mb;;;;;;;
27-02-2010;7:12:28;7;-33.878;-71.943;35;6;mb;;;;;;;
27-02-2010;6:52:34;6;-34.867;-72.614;35;6.2;mb;;;;;;;
27-02-2010;6:51:17;6;-31.663;-69.141;39.8;6;mb;;;;;;;
27-02-2010;6:34:11;6;-36.122;-72.898;22.9;8.8;mww;;;;;;;
13-11-2009;3:05:57;3;-19.394;-70.321;27;6.5;mwc;;;;;;;
17-04-2009;2:08:08;2;-19.584;-70.483;25;6.1;mwc;;;;;;;
18-12-2008;21:50:28;21;-32.473;-72.051;25;6;mwc;;;;;;;
18-12-2008;21:19:28;21;-32.458;-71.726;18;6.2;mwc;;;;;;;
24-03-2008;20:39:07;20;-20.043;-68.963;120;6.2;mwb;;;;;;;
16-02-2008;14:45:11;14;-21.346;-68.385;130.1;6.1;mwb;;;;;;;
04-02-2008;17:01:29;17;-20.166;-70.037;35;6.3;mwc;;;;;;;
16-12-2007;8:09:17;8;-22.954;-70.182;45;6.7;mwb;;;;;;;
13-12-2007;7:23:39;7;-23.202;-70.549;16;6.2;mwc;;;;;;;
13-12-2007;5:20:21;5;-23.157;-70.479;15;6;mwc;;;;;;;
20-11-2007;17:55:51;17;-22.917;-70.483;15;6.1;mwc;;;;;;;
15-11-2007;15:05:58;15;-22.925;-70.237;26;6.8;mwc;;;;;;;
15-11-2007;15:03:08;15;-22.867;-70.407;27;6.3;mwc;;;;;;;
14-11-2007;15:40:50;15;-22.247;-69.89;40;7.7;mwc;;;;;;;
21-04-2007;17:53:46;17;-45.243;-72.648;36.7;6.2;mwb;;;;;;;
02-04-2007;2:49:35;2;-45.382;-73.058;4.9;6.1;mwc;;;;;;;
12-10-2006;18:05:56;18;-31.256;-71.368;31;6.4;mwc;;;;;;;
12-09-2006;13:30:55;13;-28.944;-68.898;114;6;mwb;;;;;;;
16-07-2006;11:42:41;11;-28.715;-72.543;10;6.2;mwb;;;;;;;
30-04-2006;21:40:58;21;-27.211;-71.056;12;6.5;mwc;;;;;;;
30-04-2006;19:17:14;19;-27.017;-71.022;12;6.7;mwb;;;;;;;
15-04-2006;23:50:14;23;-29.772;-72.003;19.8;6;mwc;;;;;;;
17-11-2005;19:26:54;19;-22.361;-67.895;147;6.8;mwb;;;;;;;
13-06-2005;22:44:33;22;-19.987;-69.197;115.6;7.8;mwb;;;;;;;
28-08-2004;13:41:25;13;-35.173;-70.525;5;6.5;mwb;;;;;;;
15-06-2004;11:16:31;11;-38.854;-73.155;37.8;6.1;mwb;;;;;;;
03-05-2004;4:36:50;4;-37.695;-73.406;21;6.6;mwb;;;;;;;
20-06-2003;13:30:41;13;-30.608;-71.637;33;6.8;mwc;;;;;;;
24-09-2002;3:57:22;3;-31.519;-69.2;119.6;6.3;mwc;;;;;;;
18-06-2002;13:56:22;13;-30.805;-71.124;54;6.6;mwb;;;;;;;
23-05-2002;15:52:15;15;-30.749;-71.197;52.1;6;mwb;;;;;;;
18-04-2002;16:08:36;16;-27.535;-70.586;62;6.7;mwb;;;;;;;
01-04-2002;19:59:32;19;-29.67;-71.384;71;6.4;mwc;;;;;;;
28-03-2002;4:56:22;4;-21.663;-68.329;125.1;6.5;mwc;;;;;;;
24-07-2001;5:00:09;5;-19.448;-69.255;33;6.4;mwb;;;;;;;
26-06-2001;4:18:31;4;-17.745;-71.649;24;6.7;mwc;;;;;;;
19-06-2001;9:32:24;9;-22.739;-67.877;146.6;6;mwb;;;;;;;
09-04-2001;9:00:57;9;-32.668;-73.109;11;6.7;mwc;;;;;;;
15-03-2001;13:02:42;13;-32.321;-71.492;37;6;mwb;;;;;;;
20-12-2000;11:23:54;11;-39.008;-74.662;11;6.5;mwc;;;;;;;
29-11-2000;10:25:13;10;-24.869;-70.886;58.2;6.3;mwc;;;;;;;
16-06-2000;7:55:35;7;-33.877;-70.088;120.2;6.4;mwc;;;;;;;
08-01-2000;11:59:21;11;-23.169;-70.122;36;6.4;mwb;;;;;;;
30-11-1999;4:01:53;4;-18.901;-69.171;128.1;6.6;mwb;;;;;;;
29-09-1999;18:01:31;18;-30.738;-71.993;33;6;mwb;;;;;;;
22-08-1999;9:35:39;9;-40.509;-74.756;33;6.4;mwc;;;;;;;
05-03-1999;3:35:14;3;-34.673;-69.6;10;6;mwc;;;;;;;
14-12-1998;16:25:24;16;-38.214;-71.033;138.4;6;mwb;;;;;;;
03-09-1998;17:37:58;17;-29.45;-71.715;27;6.6;mwc;;;;;;;
29-07-1998;7:14:24;7;-32.312;-71.286;51.1;6.4;mwc;;;;;;;
01-04-1998;22:42:56;22;-40.316;-74.874;9;6.7;mwc;;;;;;;
30-01-1998;12:16:08;12;-23.913;-70.207;42;7.1;mwc;;;;;;;
12-01-1998;10:14:07;10;-30.985;-71.41;34.8;6.6;mwc;;;;;;;
03-11-1997;19:17:33;19;-30.744;-71.224;45;6.2;mwb;;;;;;;
15-10-1997;1:03:33;1;-30.933;-71.22;58;7.1;mwc;;;;;;;
27-07-1997;5:21:29;5;-30.517;-71.862;33;6.3;mwc;;;;;;;
25-07-1997;7:33:29;7;-30.554;-72.016;33;6.1;mwc;;;;;;;
25-07-1997;6:47:02;6;-30.462;-71.906;33;6.2;mwb;;;;;;;
21-07-1997;23:19:39;23;-30.328;-71.917;33;6;mwb;;;;;;;
06-07-1997;9:54:00;9;-30.058;-71.872;19;6.8;mwc;;;;;;;
01-04-1997;18:42:14;18;-18.351;-69.347;115.6;6.2;mwc;;;;;;;
01-04-1997;18:33:32;18;-18.298;-69.526;113.8;6.2;mwb;;;;;;;
09-03-1997;11:43:43;11;-29.815;-71.147;33;6.2;mwc;;;;;;;
09-09-1996;0:20:39;0;-31.9;-71.56;39;6;mwb;;;;;;;
19-04-1996;0:19:31;0;-23.944;-70.093;49.5;6.6;mwb;;;;;;;
22-02-1996;13:40:53;13;-33.672;-71.671;43.3;6;mwb;;;;;;;
19-02-1996;7:10:06;7;-42.132;-75.283;7.6;6;mw;;;;;;;
01-11-1995;0:35:32;0;-28.906;-71.417;19.9;6.7;mw;;;;;;;
03-08-1995;1:57:19;1;-23.062;-70.588;16.8;6.4;mw;;;;;;;
02-08-1995;0:14:09;0;-23.23;-70.677;33;6;mw;;;;;;;
30-07-1995;21:05:47;21;-23.347;-70.609;13.9;6.2;mw;;;;;;;
30-07-1995;8:17:18;8;-23.982;-70.276;30.2;6;ms;;;;;;;
30-07-1995;5:11:23;5;-23.34;-70.294;45.6;8;mw;;;;;;;
14-02-1995;15:53:55;15;-23.366;-67.688;147.4;6;mwb;;;;;;;
10-12-1994;3:39:31;3;-23.534;-70.591;36.6;6;mw;;;;;;;
20-10-1994;1:15:16;1;-39.187;-70.811;161.8;6;mwb;;;;;;;
12-09-1994;6:29:54;6;-31.103;-71.706;40;6;mwb;;;;;;;
11-07-1993;13:36:21;13;-25.304;-70.166;47.5;6.6;mw;;;;;;;
08-06-1993;23:17:41;23;-31.56;-69.234;112.7;6.3;mwb;;;;;;;
19-03-1993;1:48:05;1;-26.742;-70.966;29.3;6;mw;;;;;;;
15-03-1993;16:08:57;16;-26.708;-70.918;28.9;6.7;mwb;;;;;;;
28-11-1992;3:13:33;3;-31.33;-71.992;11.7;6.5;mw;;;;;;;
04-11-1992;21:32:33;21;-31.565;-71.565;18.8;6;mw;;;;;;;
18-05-1992;3:02:21;3;-33.594;-72.018;29.5;6.1;mw;;;;;;;
02-08-1990;5:24:08;5;-31.62;-71.695;35.8;6;mw;;;;;;;
14-05-1990;21:34:04;21;-35.925;-71.415;75.9;6.2;mw;;;;;;;
21-04-1990;18:54:52;18;-36.985;-73.303;11.9;6.3;mw;;;;;;;
01-11-1989;6:40:30;6;-20.995;-67.954;139.5;6.1;mw;;;;;;;
05-04-1989;23:47:49;23;-20.857;-69.028;112;6.2;mw;;;;;;;
14-09-1988;22:14:07;22;-23.424;-67.997;122.6;6;mw;;;;;;;
17-08-1988;11:34:52;11;-27.001;-70.948;38.5;6.1;mw;;;;;;;
14-08-1988;17:53:09;17;-27.26;-71.092;32.5;6.7;mw;;;;;;;
21-05-1988;14:28:39;14;-32.833;-71.704;42.1;6.1;mw;;;;;;;
30-03-1988;23:50:56;23;-24.926;-70.461;40.9;6.2;mw;;;;;;;
22-02-1988;19:13:17;19;-20.833;-69.785;70.3;6.7;mw;;;;;;;
05-02-1988;18:49:31;18;-24.893;-70.554;30.7;6.5;mw;;;;;;;
05-02-1988;14:01:02;14;-24.753;-70.433;36.9;7.2;mw;;;;;;;
19-01-1988;7:30:31;7;-24.71;-70.568;33;7;mw;;;;;;;
13-09-1987;20:08:51;20;-34.333;-69.971;10;6;mw;;;;;;;
15-08-1987;18:04:23;18;-28.135;-70.884;37.4;6.5;mw;;;;;;;
13-08-1987;15:23:06;15;-17.897;-70.931;36.5;6.6;mw;;;;;;;
08-08-1987;15:48:56;15;-19.022;-69.991;69.7;7.2;mw;;;;;;;
19-05-1987;12:56:25;12;-30.284;-71.484;36.4;6.2;mw;;;;;;;
22-03-1987;3:23:57;3;-24.058;-70.142;40.2;6.1;mw;;;;;;;
06-03-1987;9:39:54;9;-24.149;-70.118;45.6;6.2;mw;;;;;;;
06-03-1987;7:06:44;7;-24.089;-70.104;41.3;6.1;mw;;;;;;;
05-03-1987;10:55:12;10;-24.495;-70.701;34.8;7;mw;;;;;;;
05-03-1987;9:17:05;9;-24.388;-70.161;62.3;7.6;mw;;;;;;;
12-08-1985;0:04:51;0;-38.378;-73.495;33;6.2;mw;;;;;;;
07-07-1985;11:25:11;11;-32.951;-72.072;31.4;6;mw;;;;;;;
19-05-1985;18:09:15;18;-30.253;-71.329;39.1;6.3;mw;;;;;;;
18-05-1985;16:59:13;16;-19;-69.053;109.8;6;mw;;;;;;;
28-04-1985;8:30:29;8;-39.728;-75.664;10;6;mw;;;;;;;
09-04-1985;1:56:59;1;-34.131;-71.618;37.8;7.2;mw;;;;;;;
03-04-1985;13:06:20;13;-32.584;-71.656;33;6.2;mw;;;;;;;
25-03-1985;5:14:35;5;-34.254;-72.185;45;6.5;mw;;;;;;;
19-03-1985;4:01:08;4;-33.198;-71.653;42.2;6.7;mw;;;;;;;
17-03-1985;10:41:38;10;-32.633;-71.551;33;6.7;mw;;;;;;;
04-03-1985;19:03:06;19;-32.878;-71.818;33;6.2;mw;;;;;;;
04-03-1985;15:01:07;15;-33.842;-71.249;40.1;6.3;mw;;;;;;;
04-03-1985;6:17:51;6;-33.142;-71.997;33;6.3;ms;;;;;;;
04-03-1985;6:06:56;6;-33.825;-71.93;33;6.3;mw;;;;;;;
04-03-1985;3:32:49;3;-32.925;-71.793;33;6.6;ms;;;;;;;
04-03-1985;3:17:54;3;-34.115;-71.905;33;6.2;ms;;;;;;;
04-03-1985;0:32:21;0;-33.207;-71.663;33;7.4;mw;;;;;;;
03-03-1985;23:38:31;23;-32.738;-71.215;33;6.4;ms;;;;;;;
03-03-1985;22:47:07;22;-33.135;-71.871;33;8;mw;;;;;;;
26-01-1985;3:06:57;3;-33.053;-68.467;5;6.2;mw;;;;;;;
18-01-1985;15:00:09;15;-29.374;-70.793;83.2;6.3;mw;;;;;;;
11-12-1984;23:22:19;23;-22.407;-68.599;91.5;6.4;mw;;;;;;;
11-06-1984;2:05:34;2;-30.707;-71.179;46.3;6.2;mw;;;;;;;
15-12-1983;4:22:33;4;-33.099;-70.12;100.1;6.2;mw;;;;;;;
16-10-1983;9:59:46;9;-23.681;-70.129;65.6;6.1;mw;;;;;;;
09-10-1983;11:25:40;11;-26.135;-70.518;16.1;6.7;mw;;;;;;;
04-10-1983;18:52:13;18;-26.535;-70.563;14.8;7.4;mw;;;;;;;
09-05-1983;10:58:25;10;-40.93;-74.909;23;6;mw;;;;;;;
25-02-1983;22:49:54;22;-18.268;-69.438;146;6.9;mw;;;;;;;
31-12-1982;3:47:28;3;-20.993;-68.464;118;6;mw;;;;;;;
01-06-1982;4:14:15;4;-41.548;-75.106;33;6.1;ms;;;;;;;
28-01-1982;14:26:15;14;-27.383;-71.782;33;6.1;mb;;;;;;;
07-11-1981;3:29:51;3;-32.199;-71.336;65.2;6.8;ms;;;;;;;
16-10-1981;3:25:42;3;-33.134;-73.074;33;7.2;ms;;;;;;;
23-03-1981;19:28:10;19;-33.661;-71.892;46.3;6.2;ms;;;;;;;
11-12-1980;18:15:03;18;-21.272;-68.153;80;6.1;mb;;;;;;;
19-07-1980;11:52:20;11;-28.997;-69.675;110;6.1;mb;;;;;;;
26-05-1980;18:41:42;18;-19.364;-69.238;114;6.1;mb;;;;;;;
28-04-1979;11:38:17;11;-27.462;-70.953;23;6.1;ms;;;;;;;
03-08-1978;18:11:17;18;-26.513;-70.544;58;6.3;mb;;;;;;;
24-11-1977;2:02:31;2;-31.615;-67.573;23;6.3;ms;;;;;;;
24-11-1977;1:58:33;1;-31.471;-67.628;33;6;ms;;;;;;;
23-11-1977;9:26:24;9;-31.028;-67.767;13;7.4;ms;;;;;;;
17-01-1977;21:27:12;21;-24.848;-68.674;33;6.3;mb;;;;;;;
30-11-1976;0:40:57;0;-20.52;-68.919;82;6.5;mb;;;;;;;
30-05-1976;3:08:54;3;-41.637;-75.411;28;6;mb;;;;;;;
28-02-1976;16:27:09;16;-39.999;-74.727;9;6;mb;;;;;;;
28-10-1975;6:54:22;6;-22.862;-70.508;38;6.3;ms;;;;;;;
10-05-1975;14:27:38;14;-38.183;-73.232;6;7.7;ms;;;;;;;
13-03-1975;15:26:42;15;-29.941;-71.337;4;6.9;ms;;;;;;;
18-08-1974;10:44:12;10;-38.453;-73.431;36;7.1;ms;;;;;;;
02-01-1974;10:42:29;10;-22.538;-68.397;105;6.4;mb;;;;;;;
05-10-1973;5:47:51;5;-32.518;-71.478;33;6.7;ms;;;;;;;
05-10-1973;5:45:27;5;-32.987;-71.916;14;6.5;ms;;;;;;;
07-08-1973;14:22:45;14;-26.829;-70.919;14;6.3;ms;;;;;;;
07-08-1973;3:41:25;3;-26.781;-70.879;25;6.1;ms;;;;;;;
31-07-1973;10:51:13;10;-27.118;-71.514;33;6.3;ms;;;;;;;
29-12-1972;4:51:01;4;-30.578;-71.151;45;6.1;mw;;;;;;;
26-09-1972;21:05:45;21;-30.957;-68.208;15;6;mw;;;;;;;
08-06-1972;18:53:44;18;-30.466;-71.699;45;6.7;mw;;;;;;;
09-02-1972;20:44:35;20;-51.852;-73.917;15;6;mw;;;;;;;
08-12-1971;16:05:28;16;-22.805;-70.371;30;6.1;mw;;;;;;;
11-07-1971;9:51:39;9;-32.287;-71.778;35;6.4;mw;;;;;;;
09-07-1971;3:03:20;3;-32.601;-71.076;60.3;7.8;mw;;;;;;;
17-06-1971;21:00:43;21;-25.375;-68.938;91.7;6.3;mw;;;;;;;
18-05-1971;6:12:36;6;-28.393;-68.778;85;6;mw;;;;;;;
08-05-1971;0:49:46;0;-42.229;-71.793;156.2;6;mw;;;;;;;
08-12-1970;19:30:08;19;-30.838;-71.146;50.7;6.5;mw;;;;;;;
04-12-1970;17:08:50;17;-23.222;-69.988;39.2;6.5;mw;;;;;;;
28-11-1970;14:45:34;14;-21.019;-69.86;45.2;6;mw;;;;;;;
19-06-1970;10:56:16;10;-22.261;-70.276;60;6.5;mw;;;;;;;
14-06-1970;0:00:11;0;-52.028;-74.07;15;7;mw;;;;;;;
11-06-1970;6:02:56;6;-24.418;-68.413;110.6;6.6;mw;;;;;;;
15-03-1970;12:39:18;12;-29.701;-69.397;116.7;6;mw;;;;;;;
13-11-1969;7:51:30;7;-27.837;-71.794;21.4;6;mw;;;;;;;
26-04-1969;6:02:52;6;-30.576;-71.249;35;6.2;mw;;;;;;;
26-04-1969;5:58:53;5;-30.663;-71.569;35;6;mw;;;;;;;
06-01-1968;23:27:23;23;-27.845;-70.873;30;6.4;mw;;;;;;;
27-12-1967;9:17:54;9;-21.362;-68.311;114.7;6.7;mw;;;;;;;
25-12-1967;10:41:32;10;-21.58;-70.299;46.4;6.3;mw;;;;;;;
21-12-1967;2:25:26;2;-21.865;-69.939;45;7.3;mw;;;;;;;
15-11-1967;21:31:56;21;-28.865;-71.369;34.8;6.3;mw;;;;;;;
26-09-1967;16:11:24;16;-30.086;-71.446;50;6.2;mw;;;;;;;
21-06-1967;20:09:32;20;-25.076;-70.394;35;6.2;mw;;;;;;;
11-05-1967;15:05:23;15;-20.304;-68.821;109.4;6.1;mw;;;;;;;
28-12-1966;8:18:07;8;-25.494;-70.55;25;7.7;mw;;;;;;;
10-11-1966;3:02:34;3;-31.973;-68.301;113;6.1;mw;;;;;;;
12-04-1966;23:37:42;23;-38.231;-72.695;35;6.3;mw;;;;;;;
10-04-1966;16:36:16;16;-31.452;-71.049;60.5;6.1;mw;;;;;;;
28-11-1965;3:56:46;3;-45.847;-72.958;25;6.2;mw;;;;;;;
20-08-1965;9:42:50;9;-18.954;-68.82;124;6.7;mw;;;;;;;
28-03-1965;16:33:16;16;-32.522;-71.233;70;7.4;mw;;;;;;;
22-03-1965;22:56:27;22;-31.974;-71.573;48.8;6.2;mw;;;;;;;
23-02-1965;22:11:47;22;-25.633;-70.679;35;7;mw;;;;;;;
18-08-1964;4:45:01;4;-26.43;-71.539;15;6.7;mw;;;;;;;
05-08-1964;22:23:12;22;-41.121;-74.871;15;6.4;mw;;;;;;;
25-07-1964;19:31:10;19;-27.802;-71.044;30;6.5;mw;;;;;;;
03-12-1963;23:03:46;23;-22.691;-69.962;35;6.3;mw;;;;;;;
27-08-1963;3:23:33;3;-45.936;-76.572;15;6.1;mw;;;;;;;
19-05-1963;1:03:03;1;-46.483;-75.252;15;6.4;mw;;;;;;;
18-05-1963;5:33:26;5;-29.637;-68.819;15;6;mw;;;;;;;
07-03-1963;12:16:27;12;-44.267;-76.223;19.2;6.2;mw;;;;;;;
06-02-1963;1:21:29;1;-38.459;-73.465;25;6;mw;;;;;;;
05-02-1963;20:39:20;20;-38.437;-73.443;25;6.4;mw;;;;;;;
11-01-1963;12:12:16;12;-45.001;-75.91;15;6;mw;;;;;;;
29-12-1962;10:41:06;10;-20.105;-69.927;50;6.2;mw;;;;;;;
11-11-1962;22:14:18;22;-43.198;-75.773;20;6.1;mw;;;;;;;
04-11-1962;22:53:34;22;-43.271;-75.762;20;6.1;mw;;;;;;;
03-08-1962;8:56:20;8;-23.167;-67.914;124.8;6.8;mw;;;;;;;
26-03-1962;16:32:45;16;-40.532;-73.986;30.9;6.2;mw;;;;;;;
27-02-1962;12:40:46;12;-37.732;-73.053;25;6.2;mw;;;;;;;
14-02-1962;6:36:05;6;-37.845;-72.885;30;7.1;mw;;;;;;;
24-12-1961;23:43:20;23;-38.24;-73.88;25;6.1;mw;;;;;;;
09-12-1961;11:18:11;11;-43.789;-75.84;25;6.7;mw;;;;;;;
18-10-1961;16:51:57;16;-36.738;-73.238;20;6.6;mw;;;;;;;
13-09-1961;21:19:18;21;-41.722;-75.576;20;6;mw;;;;;;;
11-05-1961;8:38:29;8;-37.439;-72.848;25;6.1;mw;;;;;;;
08-04-1961;17:59:47;17;-38.258;-72.8;25;6.2;mw;;;;;;;
31-12-1960;18:08:09;18;-44.218;-75.618;20;6;mw;;;;;;;
29-12-1960;10:36:45;10;-44.858;-76.148;25;6.3;mw;;;;;;;
06-12-1960;8:56:16;8;-21.404;-69.694;49.6;6.1;mw;;;;;;;
02-12-1960;9:10:48;9;-24.732;-70.297;35;7.3;mw;;;;;;;
29-11-1960;9:31:58;9;-44.089;-76.018;20;6;mw;;;;;;;
22-11-1960;12:28:54;12;-40.134;-74.788;20;6.2;mw;;;;;;;
09-11-1960;20:06:20;20;-23.266;-70.372;35;6.2;mw;;;;;;;
01-11-1960;8:45:59;8;-38.467;-75.031;20;7.4;mw;;;;;;;
30-10-1960;12:14:37;12;-23.483;-70.265;35;6.2;mw;;;;;;;
13-08-1960;14:14:56;14;-39.964;-74.783;25;6.7;mw;;;;;;;
27-07-1960;10:04:57;10;-44.735;-76.121;20;6.1;mw;;;;;;;
29-06-1960;1:57:19;1;-42.904;-73.836;25;6.1;mw;;;;;;;
20-06-1960;12:59:46;12;-39.071;-72.813;25;6.9;mw;;;;;;;
20-06-1960;2:01:14;2;-38.154;-72.917;25;7;mw;;;;;;;
06-06-1960;5:55:48;5;-45.785;-72.889;15;7.8;mw;;;;;;;
02-06-1960;5:58:06;5;-46.215;-74.058;15;6.1;mw;;;;;;;
01-06-1960;5:03:02;5;-37.895;-73.014;35;6.1;mw;;;;;;;
31-05-1960;2:40:04;2;-39.649;-75.612;15;6;mw;;;;;;;
29-05-1960;7:39:33;7;-37.689;-72.436;25;6.3;mw;;;;;;;
28-05-1960;11:05:47;11;-37.713;-72.77;25;6;mw;;;;;;;
25-05-1960;8:34:42;8;-44.808;-75.985;20;6.7;mw;;;;;;;
24-05-1960;20:32:46;20;-50.88;-73.157;15;6;mw;;;;;;;
23-05-1960;10:38:04;10;-43.642;-73.613;20;6.1;mw;;;;;;;
23-05-1960;9:52:22;9;-37.859;-73.152;25;6.2;mw;;;;;;;
23-05-1960;7:09:21;7;-48.089;-75.698;20;6.1;mw;;;;;;;
23-05-1960;5:13:39;5;-38.162;-72.691;25;6.4;mw;;;;;;;
23-05-1960;2:56:20;2;-43.1;-75.287;20;6.2;mw;;;;;;;
23-05-1960;2:46:35;2;-41.579;-73.367;25;6.2;mw;;;;;;;
23-05-1960;0:25:48;0;-38.543;-73.866;20;6.5;mw;;;;;;;
22-05-1960;19:11:20;19;-38.143;-73.407;25;9.5;mw;;;;;;;
22-05-1960;18:56:02;18;-38.061;-73.039;25;7.8;mw;;;;;;;
22-05-1960;10:32:47;10;-37.86;-73.149;25;6.8;mw;;;;;;;
22-05-1960;10:30:44;10;-37.775;-73.017;25;7.1;mw;;;;;;;
21-05-1960;13:00:04;13;-37.364;-73.194;25;6.2;mw;;;;;;;
21-05-1960;10:02:57;10;-37.824;-73.353;25;8.1;mw;;;;;;;
